"","x"
"1","UMOD"
"2",NA
"3",NA
"4","LINC02121"
"5","TMEM207"
"6",NA
"7",NA
"8","CALB1"
"9","GP2"
"10","CPNE6"
"11","HMX2"
"12","AQP2"
"13","SOST"
"14","ATP12A"
"15","SIRLNT"
"16","ASB15"
"17","MUC15"
"18","CRYAA2"
"19","AFM"
"20","UNCX"
"21","MT1H"
"22",NA
"23","NPHS2"
"24","OLFM3"
"25","HEPACAM2"
"26","PLG"
"27","SLC14A2"
"28",NA
"29","SLC12A1"
"30",NA
"31","CST9"
"32","C4orf54"
"33","FRMD7"
"34","DDN"
"35",NA
"36","CALCA"
"37","INSRR"
"38","HCRTR2"
"39","MT1G"
"40","LINC02499"
"41","LOC100506444"
"42","PRDM16-DT"
"43","NELL1"
"44","SEMG2"
"45","ALDOB"
"46",NA
"47","CRYAA"
"48","ALB"
"49",NA
"50",NA
"51","HELT"
"52",NA
"53","RALYL"
"54","PLGLA"
"55","CYP2B6"
"56",NA
"57","C10orf71"
"58","AQP6"
"59","NPHS1"
"60","DUSP9"
"61",NA
"62","TMEM238L"
"63","TFAP2B"
"64","EGF"
"65",NA
"66",NA
"67",NA
"68","SCNN1G"
"69","SLC36A2"
"70","KNG1"
"71",NA
"72","CRHBP"
"73","LY6L"
"74","SLC4A1"
"75","LINC01020"
"76","HRG"
"77",NA
"78","LOC644090"
"79","RDH8"
"80","SLC22A8"
"81","ESRRB"
"82",NA
"83",NA
"84","GPC5"
"85","KCNJ10"
"86","BMPR1B-DT"
"87","PCARE"
"88","CLCNKA"
"89","FRG2B"
"90","IRX1"
"91","SLC34A3"
"92","WNT9B"
"93","FABP1"
"94","FRG2C"
"95","CYP4F2"
"96","XPNPEP2"
"97",NA
"98","SCNN1B"
"99","RANBP3L"
"100","SFRP1"
"101","SLC9A4"
"102",NA
"103","FAM151A"
"104","PRR35"
"105",NA
"106",NA
"107","ACP3"
"108",NA
"109",NA
"110",NA
"111","LINC01758"
"112","NOS1"
"113",NA
"114",NA
"115",NA
"116",NA
"117",NA
"118","TRPV5"
"119",NA
"120","RASL11B"
"121",NA
"122","PSKH2"
"123",NA
"124","TMEM174"
"125","SLC12A3"
"126",NA
"127",NA
"128",NA
"129","PTGER1"
"130","NPSR1-AS1"
"131","F11"
"132","ELF5"
"133","G6PC1"
"134","FOLH1B"
"135","SLC34A1"
"136","CYP4A22"
"137","CHRNA4"
"138","SLC26A4"
"139","GADL1"
"140","LINC01739"
"141","ATP6V1G3"
"142","F11-AS1"
"143",NA
"144","TACR3"
"145","LOC105378013"
"146","SLC4A9"
"147",NA
"148",NA
"149",NA
"150",NA
"151",NA
"152",NA
"153","PRDM16"
"154",NA
"155","NT5C1A"
"156","SIAH3"
"157","LINC02410"
"158","LOC105371485"
"159",NA
"160","POU3F4"
"161","CLIC5"
"162","GABRA4"
"163",NA
"164","AGXT"
"165",NA
"166",NA
"167","CLDN19"
"168","PROZ"
"169","MPPED2-AS1"
"170",NA
"171","NDNF"
"172","ROS1"
"173",NA
"174",NA
"175","CYP4A11"
"176","LOC102725019"
"177","GJD2"
"178","GJA3"
"179","UBTFL10"
"180","ATP6V1G1P5"
"181","PROX1"
"182",NA
"183",NA
"184",NA
"185","SRARP"
"186","WSPAR"
"187","KCNE1B"
"188","REN"
"189","CHP2"
"190","CAMK2A"
"191","BSND"
"192","MTTP"
"193",NA
"194","LINC00551"
"195",NA
"196","ABCA4"
"197","LINC02172"
"198",NA
"199","LOC101928596"
"200",NA
"201","PTPRQ"
"202","CLCNKB"
"203","MFSD4A"
"204",NA
"205","KLK7"
"206","CEL"
"207","CASR"
"208","HAO1"
"209",NA
"210","LINC00919"
"211","TMEM213"
"212","FOXI1"
"213","AGTR2"
"214","MUC6"
"215",NA
"216",NA
"217",NA
"218","LOC340268"
"219","OTOGL"
"220","SLC9A3"
"221","FLRT1"
"222",NA
"223","CLDN8"
"224","LOC100505985"
"225","TNNT2"
"226",NA
"227","FGF10"
"228","SLC26A7"
"229","GSTA2"
"230","GRM1"
"231","TRARG1"
"232","CA8"
"233","LINC01976"
"234","OXGR1"
"235","RPS24P17"
"236","WNT8B"
"237",NA
"238",NA
"239","ADIPOQ"
"240",NA
"241","ATP6V1B1"
"242","RBM22P12"
"243","FBN3"
"244","HMX3"
"245","CNTN1"
"246","DNMT3L"
"247","LINC01928"
"248",NA
"249","LINC00051"
"250","LINC00645"
"251","FGF1"
"252","RNF212B"
"253","TYRP1"
"254","HPSE2"
"255","IRX2"
"256","LINC01874"
"257",NA
"258","RERGL"
"259","HPCAL4"
"260","WNK4"
"261","HPD"
"262",NA
"263","RHCG"
"264","TMPRSS11BNL"
"265","LINC01762"
"266",NA
"267","C13orf42"
"268",NA
"269",NA
"270","CTXN3"
"271","GABRA2"
"272","NTS"
"273",NA
"274","LINC02343"
"275","ENPP6"
"276",NA
"277",NA
"278","PROX1-AS1"
"279","TCEAL6"
"280","ASB10"
"281","FAM167A-AS1"
"282",NA
"283",NA
"284","SLC5A12"
"285","PTGER3"
"286",NA
"287","EYA4"
"288",NA
"289","SLC7A13"
"290","KCNJ1"
"291","CALML3"
"292",NA
"293","IL13RA2"
"294",NA
"295","CA4"
"296","MS4A10"
"297","TMEM72"
"298",NA
"299","CLDN16"
"300","LOC100130550"
"301","DPT"
"302","HS6ST3"
"303","MYOZ2"
"304","HSPB7"
"305","UPB1"
"306","PIK3C2G"
"307","RNU6-35P"
"308","PODXL"
"309","SGCZ"
"310","GPR182"
"311","SLC6A19"
"312",NA
"313","MYO3B"
"314",NA
"315","ADH1C"
"316","ASS1P11"
"317",NA
"318","CGA"
"319","ITLN1"
"320","HSD11B2"
"321","SLC5A2"
"322","FMN2"
"323","LCE2D"
"324","ATP6V0A4"
"325","NXPH2"
"326","HTR3B"
"327",NA
"328",NA
"329","RBP2"
"330",NA
"331","PCDH9"
"332","ADAMTS19"
"333","ZNF804B"
"334",NA
"335","LOC100130587"
"336","SH3GL3"
"337",NA
"338","MYLK3"
"339",NA
"340","PAGE4"
"341",NA
"342",NA
"343","RGS6"
"344",NA
"345","FXYD4"
"346","LPA"
"347","AQP5-AS1"
"348",NA
"349","TPPP2"
"350","RNU7-159P"
"351","PRODH2"
"352",NA
"353","EMCN"
"354","ATP6V0D2"
"355","LRRC55"
"356",NA
"357","LGR5"
"358",NA
"359",NA
"360","TEK"
"361","TCF21"
"362","CRABP1"
"363","MECOM-AS1"
"364",NA
"365","SELE"
"366",NA
"367",NA
"368",NA
"369","LINC01606"
"370","HS6ST2"
"371","FOXI2"
"372","FAM215A"
"373","NUGGC"
"374","CD8B2"
"375","SLITRK3"
"376",NA
"377",NA
"378","GGT6"
"379","TBL1Y"
"380","LINC00314"
"381",NA
"382",NA
"383","MYF6"
"384",NA
"385","SLC13A3"
"386",NA
"387","MAB21L4"
"388",NA
"389","ERBB4"
"390","TCF24"
"391","PRL"
"392","CACNA1S"
"393",NA
"394","IGDCC3"
"395","CDH19"
"396","PCDH15"
"397","NAT8L"
"398","ST6GALNAC3"
"399","DLGAP2"
"400","DACH2"
"401",NA
"402","LINC01987"
"403","CDH10"
"404","LINC01788"
"405","CSPG4BP"
"406",NA
"407","ST8SIA6"
"408","SYT7"
"409","SLC2A12"
"410","MPPED2"
"411","CYP1A1"
"412","SLC6A2"
"413","SLC24A2"
"414",NA
"415",NA
"416","DES"
"417",NA
"418","KIF26A"
"419","TRPM6"
"420","NFASC"
"421",NA
"422","LMX1B"
"423","ADGRV1"
"424",NA
"425","OPCML"
"426","DMRT2"
"427","SEMA3G"
"428","LGSN"
"429",NA
"430",NA
"431","VAT1L"
"432",NA
"433",NA
"434","LMO3"
"435","PDE11A-AS1"
"436","RN7SL160P"
"437","ATP6V1C2"
"438","C7"
"439",NA
"440","ODAM"
"441","AKAP4"
"442",NA
"443","TENM2"
"444","RPS13P7"
"445",NA
"446","SLC16A14P1"
"447",NA
"448",NA
"449",NA
"450",NA
"451","SUSD2"
"452","DRAIC"
"453",NA
"454",NA
"455",NA
"456",NA
"457","DEFB132"
"458",NA
"459","NMUR2"
"460","ADAMTSL1"
"461","SLC14A1"
"462","LINC01785"
"463","GPR12"
"464",NA
"465",NA
"466","SERPINA5"
"467",NA
"468","APCDD1L"
"469",NA
"470",NA
"471","ARC"
"472",NA
"473","AMELY"
"474","HNF4A-AS1"
"475",NA
"476",NA
"477","ADRB1"
"478","MOGAT2"
"479","ATP1B2"
"480",NA
"481","STRA6"
"482",NA
"483","APCDD1L-DT"
"484","GGACT"
"485","LINC00052"
"486","AQP3"
"487","HMGCS2"
"488","AVPR1A"
"489",NA
"490",NA
"491","KCNK10"
"492",NA
"493","PIPOX"
"494","ZNF488"
"495","LINC02554"
"496",NA
"497","ADH1B"
"498",NA
"499",NA
"500","TRPM5"
"501","DBX2"
"502",NA
"503","LOC100422263"
"504",NA
"505",NA
"506",NA
"507","SMIM5"
"508","MYCNUT"
"509","LOC101927020"
"510","HSPA2"
"511","GCGR"
"512","LGI2"
"513","ADAMTS19-AS1"
"514","LINC01255"
"515",NA
"516","UPP2"
"517","SALL3"
"518","MME"
"519","WT1"
"520",NA
"521","BMP5"
"522","CLNK"
"523","NHLRC4"
"524","TGM7"
"525","RAG2"
"526","FOLR3"
"527",NA
"528","ERVMER34-1"
"529","SLC7A8"
"530","TMEM178A"
"531","ANKRD63"
"532","LRRC52"
"533","DLGAP2-AS1"
"534","TMEM52B"
"535",NA
"536",NA
"537","KCNA1"
"538",NA
"539",NA
"540","ZP2"
"541","UMODL1"
"542",NA
"543",NA
"544","OVCH2"
"545","GPC3"
"546","PLA2G3"
"547","MFSD6L"
"548","SEMG1"
"549","NUPR2"
"550",NA
"551","NCOA7-AS1"
"552","GDNF"
"553","CYP8B1"
"554","SLC5A7"
"555","SCN7A"
"556","MRGPRF"
"557",NA
"558","FSHB"
"559","ASB15-AS1"
"560","PI16"
"561",NA
"562","LINC02110"
"563","SLC7A14"
"564","C16orf89"
"565","UNC13C"
"566",NA
"567","SLC28A2"
"568","TRAV8-2"
"569","VSIG8"
"570","ASPDH"
"571","ERICH4"
"572","ACOT12"
"573","CCKAR"
"574","LINC00307"
"575","AFAP1L2"
"576","LOC100130691"
"577","IGFBP5"
"578","TMPRSS2"
"579",NA
"580","GSTA1"
"581","PFN3"
"582","LOC101927495"
"583",NA
"584","RNU6-844P"
"585",NA
"586",NA
"587","ANGPTL3"
"588","LRRC2"
"589","TEX51"
"590","GREM2"
"591","PCK1"
"592",NA
"593","NKD1"
"594","LINC00507"
"595","APOH"
"596","PM20D1"
"597","KCNJ9"
"598","GPR22"
"599","TCL1B"
"600",NA
"601",NA
"602","CIDEA"
"603","AGMAT"
"604",NA
"605","LINC02138"
"606","LINC01108"
"607",NA
"608","FER1L6"
"609","LDLRAD4-AS1"
"610","MCCD1"
"611","TIMP3"
"612","PLPPR1"
"613",NA
"614","BHMT"
"615",NA
"616","LINC01879"
"617",NA
"618","DGKB"
"619","PRMT8"
"620","GPX3"
"621","KIRREL2"
"622",NA
"623","LY86-AS1"
"624",NA
"625",NA
"626","MRO"
"627","ASS1P3"
"628","PRSS3"
"629",NA
"630",NA
"631","LINC00602"
"632","CPA1"
"633","NR4A3"
"634",NA
"635",NA
"636","PNPLA1"
"637",NA
"638","PDYN-AS1"
"639",NA
"640","RBP3"
"641","ASS1P14"
"642","IFNA14"
"643","SHOC1"
"644","TDGF1"
"645","CCNI2"
"646","DUSP26"
"647","PP7080"
"648","SPTB"
"649","TSHB"
"650","ADH4"
"651","CRB2"
"652","LOC100128334"
"653","TSPAN7"
"654","VWA5B1"
"655","ART1"
"656",NA
"657","SCUBE1"
"658","LINC00237"
"659",NA
"660","FGF9"
"661","DNASE1L3"
"662","RNF150"
"663",NA
"664",NA
"665","LINC02119"
"666","ASS1"
"667","PAK6"
"668","WT1-AS"
"669",NA
"670",NA
"671","SIM2"
"672","NCAPD2P1"
"673","ISX"
"674","DIO1"
"675","LOC101926956"
"676","PDZD2"
"677","MRGPRF-AS1"
"678","LINC01541"
"679","ASS1P9"
"680",NA
"681","SCUBE3"
"682","LOC100506474"
"683",NA
"684","LDLR"
"685","LDC1P"
"686",NA
"687","FAM169A"
"688","UBE2QL1"
"689","TTC36"
"690","SYN3"
"691","LINC01561"
"692","LOC100422024"
"693",NA
"694","LOC105375115"
"695","C11orf53"
"696","NRK"
"697","CST11"
"698","STAP1"
"699",NA
"700",NA
"701","DNMT3L-AS1"
"702","BMPR1B"
"703","FYB2"
"704",NA
"705","SLC13A2"
"706","UICLM"
"707","GRID2"
"708",NA
"709","SLC7A10"
"710",NA
"711","LINC02360"
"712","CCBE1"
"713",NA
"714","PDE2A"
"715",NA
"716",NA
"717","GRHL2"
"718","STRIT1"
"719","CLEC3B"
"720","IL19"
"721","PPY2P"
"722","DAO"
"723",NA
"724",NA
"725",NA
"726","KLK1"
"727","NDST3"
"728","C1QTNF7"
"729","SCTR"
"730","CA10"
"731",NA
"732",NA
"733","LINC01612"
"734","STC1"
"735","TDGF1P3"
"736","PAH"
"737",NA
"738","MECOM"
"739","RDH12"
"740",NA
"741","GPRC6A"
"742","IGSF10"
"743","CYP27B1"
"744",NA
"745","ADGRF5"
"746",NA
"747","OR7E90P"
"748","CAPZA3"
"749","CTD-3080P12.3"
"750","PRSS35"
"751","HECW1"
"752","GPAT3"
"753","SSTR2"
"754",NA
"755","NR1I3"
"756","LINC00871"
"757",NA
"758",NA
"759",NA
"760","PLEKHS1"
"761","RAET1E"
"762","HAO2"
"763","ARSFP1"
"764","MGAT4C"
"765",NA
"766","NTNG1"
"767","ANK2"
"768",NA
"769",NA
"770","FAM180A"
"771","SLC43A1"
"772","EPO"
"773","MYBPH"
"774","PLA2R1"
"775","NKX6-2"
"776","LSINCT5"
"777","LINC01687"
"778","LINC01485"
"779",NA
"780","CASQ2"
"781",NA
"782","LINC02404"
"783","XG"
"784","ARG2"
"785","ESRRG"
"786",NA
"787","HYAL4"
"788","NEURL1"
"789","PTPRB"
"790",NA
"791","PES1P2"
"792","FTLP10"
"793","GABRB2"
"794","LOC100507336"
"795","TSPAN2"
"796","KRT85"
"797","NEGR1"
"798",NA
"799",NA
"800","UGT2A1"
"801","SPTBN2"
"802","FHAD1-AS1"
"803","TCEAL2"
"804","ACOT6"
"805",NA
"806","DACH1"
"807","GNA14"
"808","FRMD1"
"809","GYPA"
"810","GAS2L1P2"
"811",NA
"812","NEXMIF"
"813","FAM245A"
"814",NA
"815","SPATA16"
"816","AGTR1"
"817",NA
"818","SORCS2"
"819","BPI"
"820","AADACL4"
"821","LRRC10B"
"822",NA
"823",NA
"824","GMNC"
"825","DPEP1"
"826","PLAT"
"827","GFRA3"
"828","CPAMD8"
"829","LINC00443"
"830",NA
"831","GPBAR1"
"832","SEMA6D"
"833","GPM6A"
"834","UNC5C"
"835",NA
"836","SYNPR"
"837",NA
"838","PCDH11Y"
"839","LOC401040"
"840","KIAA1210"
"841","TTPA"
"842","RGPD3"
"843","TMC1"
"844","PXDNL"
"845",NA
"846","THY1"
"847",NA
"848","KBTBD12"
"849","COL18A1-AS1"
"850",NA
"851","PCOLCE2"
"852","PNPLA3"
"853","FOLH1"
"854","RXRG"
"855","RASD1"
"856","PPP1R16B"
"857",NA
"858","LOC100505851"
"859",NA
"860","PLIN1"
"861","SPINK1"
"862","PLCL1"
"863","ADAM2"
"864",NA
"865",NA
"866","WSCD2"
"867","LINC01018"
"868","LINC01447"
"869","PDILT"
"870",NA
"871","DCN"
"872",NA
"873","TMEM45B"
"874",NA
"875","DGKI"
"876","LINC01031"
"877",NA
"878","OR7E108P"
"879","NR4A1"
"880",NA
"881",NA
"882","CSF3"
"883","LINC01213"
"884","AVPR2"
"885","GPR143P"
"886","PTPRT"
"887","SLC22A13"
"888","STAC2"
"889","LINC02436"
"890","UNC45B"
"891","ASCL4"
"892","TRAPPC3L"
"893","RNF152"
"894","CDH3"
"895","CSMD3"
"896","SLC7A9"
"897","RIMBP2"
"898","VN1R51P"
"899","LINC00442"
"900","GC"
"901","RGS7BP"
"902","ITLN2"
"903",NA
"904",NA
"905","LOC112268408"
"906","SLC5A3"
"907",NA
"908","ST13P20"
"909","RBBP8NL"
"910","BDKRB2"
"911",NA
"912","ACSL6"
"913","NES"
"914","MYCN"
"915","TARID"
"916","LOC100192426"
"917","UGT1A9"
"918","LINC02226"
"919","TBATA"
"920","CLDN14"
"921",NA
"922",NA
"923","KCNA4"
"924","TMEM61"
"925","GHR"
"926","LOC112267859"
"927","ADTRP"
"928",NA
"929","CR2"
"930",NA
"931",NA
"932",NA
"933","ZYG11A"
"934","LOC283299"
"935","CIR1P2"
"936","CALHM5"
"937","FCN3"
"938","ARSF"
"939","GATA3-AS1"
"940",NA
"941",NA
"942",NA
"943","FAM3B"
"944","TMEM30B"
"945","MUC20"
"946","DLK1"
"947","LINC02751"
"948","LINC02652"
"949",NA
"950",NA
"951","MAPK4"
"952","SLC8A1"
"953","KCNN3"
"954","MYOCD"
"955","ANGPTL1"
"956","CGNL1"
"957",NA
"958","PLS3-AS1"
"959","ATP1A2"
"960","SPATA31C2"
"961","KANK4"
"962","LMO1"
"963","COL25A1"
"964",NA
"965","FAM217A"
"966","TYRO3"
"967",NA
"968","MT1X"
"969","EHF"
"970",NA
"971",NA
"972",NA
"973","GJA5"
"974",NA
"975","SLC4A8"
"976","LOC101928896"
"977","ATP4B"
"978","COL4A6"
"979","LINC02432"
"980",NA
"981","ASPG"
"982","GPIHBP1"
"983","TNNI1"
"984","LOC101929268"
"985","SVOPL"
"986","LRRC52-AS1"
"987","CCL11"
"988",NA
"989","FBP1"
"990",NA
"991","PLEKHD1"
"992","TUBAL3"
"993",NA
"994","WDR49"
"995","ALDH6A1"
"996","CYP1A2"
"997",NA
"998","ASS1P1"
"999","INPP5J"
"1000","PDGFRA"
"1001","APOC3"
"1002","FAM83B"
"1003","HSPB3"
"1004","RHBG"
"1005","PLCG2"
"1006","MT1HL1"
"1007","TBX3"
"1008","TRIM40"
"1009","ADH6"
"1010","GYG2P1"
"1011","PDZRN4"
"1012",NA
"1013","KLHL33"
"1014","SFXN2"
"1015","ECRG4"
"1016",NA
"1017","PCSK9"
"1018","CDC20B"
"1019",NA
"1020","ITGA8"
"1021",NA
"1022","TRPV6"
"1023","GABRP"
"1024","GABRG1"
"1025",NA
"1026",NA
"1027","PGR"
"1028","EPHB3"
"1029","RPLP0P2"
"1030","HOXD10"
"1031","MUC13"
"1032","TMTC1"
"1033","SPATA13"
"1034","IGFL1"
"1035","ERP27"
"1036","ANGPT1"
"1037","PLN"
"1038",NA
"1039","FOXD3"
"1040","ZNF366"
"1041","IYD"
"1042","DSG4"
"1043",NA
"1044","ADGRF3"
"1045","SLC22A12"
"1046",NA
"1047","GATA2"
"1048","KRTAP5-8"
"1049",NA
"1050","GALR1"
"1051","TTR"
"1052","OIT3"
"1053","PLA2G4F"
"1054","CHRM3"
"1055","NR4A2"
"1056","KCNN2"
"1057",NA
"1058","FAM222A"
"1059",NA
"1060",NA
"1061","NR2F1-AS1"
"1062","CER1"
"1063",NA
"1064","GATA5"
"1065","CNGA1"
"1066","XAGE2"
"1067","ASS1P13"
"1068",NA
"1069",NA
"1070","LINC00626"
"1071",NA
"1072","CUBNP3"
"1073",NA
"1074","LRRTM2"
"1075","PROM2"
"1076",NA
"1077","LOC101927870"
"1078","NR2F1"
"1079",NA
"1080","EPB41L4B"
"1081","FHL5"
"1082","SUSD4"
"1083",NA
"1084","SLC5A11"
"1085","RPS18P11"
"1086","ZNF750"
"1087",NA
"1088","NIPAL1"
"1089","MAN1C1"
"1090","MYCNOS"
"1091","KCNG2"
"1092","PRLR"
"1093","DDX25"
"1094","TAAR1"
"1095",NA
"1096",NA
"1097",NA
"1098","PCK2"
"1099","IDO2"
"1100","HS3ST3B1"
"1101","MELTF"
"1102","NTRK1"
"1103","LOC100505664"
"1104","ASS1P4"
"1105","MYH11"
"1106","DCC"
"1107","FGF5"
"1108",NA
"1109","PPM1K-DT"
"1110","KMO"
"1111","GCOM1"
"1112","LPL"
"1113","CTSV"
"1114","RASSF9"
"1115","GSG1L"
"1116",NA
"1117","CHRM3-AS2"
"1118",NA
"1119","ANKRD34C"
"1120","CFHR4"
"1121","B3GALT2"
"1122","TMEM246-AS1"
"1123",NA
"1124","MTNR1A"
"1125","C14orf180"
"1126","HMGA2-AS1"
"1127","ADRA2B"
"1128",NA
"1129",NA
"1130","SLC13A5"
"1131","GABRB1"
"1132",NA
"1133","A1CF"
"1134",NA
"1135",NA
"1136","SNTG1"
"1137",NA
"1138","C3orf86"
"1139","RPEP6"
"1140",NA
"1141","ASB5"
"1142",NA
"1143","ZNF521"
"1144","GATA3"
"1145","CRISP2"
"1146","ACTG1P25"
"1147","EFHD1"
"1148","HPGD"
"1149",NA
"1150","AMPH"
"1151",NA
"1152","LOC105378044"
"1153","TNNC1"
"1154",NA
"1155",NA
"1156",NA
"1157",NA
"1158","ATP2B3"
"1159","GRAMD1B"
"1160","TUBB8P7"
"1161","PAK5"
"1162","CUBN"
"1163","MARCHF11"
"1164","IL1RL1"
"1165","TSPAN8"
"1166","CYP4X1"
"1167","DOCK8-AS1"
"1168","DRD1"
"1169","RPL13AP11"
"1170","MTURN"
"1171","CELF3"
"1172","DCXR-DT"
"1173",NA
"1174","IQSEC3"
"1175","LINC00989"
"1176","VIT"
"1177","PAK6-AS1"
"1178",NA
"1179","EWSAT1"
"1180","LHX1-DT"
"1181",NA
"1182",NA
"1183",NA
"1184","KDR"
"1185",NA
"1186","JPH4"
"1187",NA
"1188","LOC102546229"
"1189",NA
"1190","FXYD3"
"1191","MYOC"
"1192","GLIS3-AS1"
"1193","CYFIP2"
"1194","SLC25A25"
"1195","NOS1AP"
"1196","KCNQ1"
"1197","ARHGEF15"
"1198","GSTM3"
"1199","GALNT15"
"1200","B4GALNT3"
"1201","HSPA12B"
"1202","LINC00454"
"1203","ACSBG2"
"1204","RAMP3"
"1205","CLEC3A"
"1206","SSUH2"
"1207","DAAM2"
"1208","DPP6"
"1209","CRNN"
"1210",NA
"1211","TMIGD1"
"1212","C11orf16"
"1213",NA
"1214",NA
"1215","PDE1A"
"1216",NA
"1217",NA
"1218","SUCNR1"
"1219",NA
"1220",NA
"1221","SULT1B1"
"1222","MMP20"
"1223","DPYS"
"1224","ACSF2"
"1225","GALNT17"
"1226","ADAMTSL2"
"1227","CNN1"
"1228",NA
"1229","KLK5"
"1230",NA
"1231",NA
"1232",NA
"1233","OGN"
"1234","SLC9A2"
"1235","BRINP3"
"1236","GYPB"
"1237","KCNK13"
"1238","LINC01179"
"1239","SUSD5"
"1240",NA
"1241","FABP4"
"1242","PEG3"
"1243","TFCP2L1"
"1244","TMEM88B"
"1245","LCE1C"
"1246","FOSB"
"1247","EHD3"
"1248","ADAMTS6"
"1249","LINC01679"
"1250","SELP"
"1251",NA
"1252","LCN6"
"1253","H2AC9P"
"1254","MYCT1"
"1255","LINC02669"
"1256","NPY2R-AS1"
"1257","ADCY1"
"1258","KLHL3"
"1259","LINC01537"
"1260","SYT6"
"1261",NA
"1262","GAD1"
"1263","PLA2G12B"
"1264","PAPPA2"
"1265","CELP"
"1266",NA
"1267","LINC02139"
"1268","MGC32805"
"1269","APLNR"
"1270","SERPINA2"
"1271","SERPINC1"
"1272","GRIK2"
"1273",NA
"1274",NA
"1275","SORD"
"1276","TNS4"
"1277","NAV2-AS4"
"1278","CKM"
"1279","CPN2"
"1280","FAM242F"
"1281","SLC16A5"
"1282","FREM1"
"1283","LOC646588"
"1284","LINC00885"
"1285","LINC00200"
"1286",NA
"1287","LINC00330"
"1288","FGF7"
"1289","SPHKAP"
"1290","NTF3"
"1291","PIWIL1"
"1292","GAMTP2"
"1293",NA
"1294","PCDH11X"
"1295","FAM107A"
"1296",NA
"1297","SYP"
"1298",NA
"1299",NA
"1300","PPP2R2B"
"1301",NA
"1302","ASS1P7"
"1303","CEACAM1"
"1304","FER1L6-AS2"
"1305",NA
"1306","TIE1"
"1307","FAM205C"
"1308",NA
"1309","C2orf72"
"1310",NA
"1311",NA
"1312",NA
"1313","SLIT3"
"1314","PARM1"
"1315","LDB3"
"1316","ROBO4"
"1317","NR0B2"
"1318","AOC3"
"1319",NA
"1320","TACR1"
"1321","RGS8"
"1322","FLRT2"
"1323","ECEL1"
"1324","SCHLAP1"
"1325","EPGN"
"1326","RSPO1"
"1327","MIR200CHG"
"1328","SORD2P"
"1329","SVEP1"
"1330","NAV2-AS2"
"1331","DNASE1"
"1332",NA
"1333","DDC"
"1334",NA
"1335","MST1L"
"1336","PPP1R36"
"1337","NRXN1"
"1338",NA
"1339","FSTL4"
"1340","RCC2P8"
"1341","LINC01831"
"1342","LOC645485"
"1343",NA
"1344",NA
"1345","PTCHD3"
"1346","CHAC1"
"1347","LRRC70"
"1348","RPL17P15"
"1349","SLC25A47"
"1350","HOXD8"
"1351","ASCL3"
"1352","LINC01016"
"1353","LINC00839"
"1354","LDB2"
"1355",NA
"1356","DHH"
"1357","NUAK2"
"1358",NA
"1359","LHX1"
"1360","FREM3"
"1361","PLCXD3"
"1362",NA
"1363","CDA"
"1364","LINC00940"
"1365","ADCY4"
"1366","ERG"
"1367",NA
"1368","SCARA5"
"1369","GLTPD2"
"1370","NTRK2"
"1371","PLAC9P1"
"1372",NA
"1373","NOS3"
"1374","FAM162B"
"1375","MEI4"
"1376",NA
"1377","LOXHD1"
"1378",NA
"1379","KIF5C"
"1380","PTGS2"
"1381",NA
"1382","RUNX1T1"
"1383","MRLN"
"1384",NA
"1385",NA
"1386","GRIA2"
"1387",NA
"1388",NA
"1389","BNIP3P32"
"1390","PTPRO"
"1391",NA
"1392","CCDC178"
"1393","LINC01915"
"1394","LMOD1"
"1395",NA
"1396","ATP13A5"
"1397",NA
"1398","TNMD"
"1399","LNX1"
"1400","ENPP7P8"
"1401","BDKRB1"
"1402","LINC02292"
"1403","SLC23A3"
"1404","KHK"
"1405",NA
"1406",NA
"1407","MEOX2"
"1408",NA
"1409","CD34"
"1410","CHST6"
"1411","OR1L8"
"1412","ADORA2A-AS1"
"1413",NA
"1414","RNF186"
"1415","SLC30A8"
"1416",NA
"1417","LYVE1"
"1418","PCDH18"
"1419","PCDH1"
"1420","PCDH7"
"1421","TRDN"
"1422","LRIT3"
"1423","CMTM5"
"1424","MGAM"
"1425","FAM184B"
"1426",NA
"1427","ASS1P5"
"1428","TMSB4Y"
"1429","SLC52A3"
"1430",NA
"1431","TMPRSS4"
"1432",NA
"1433","JAM2"
"1434","USHBP1"
"1435","AZGP1P1"
"1436","MRPS6"
"1437","ARMH4"
"1438",NA
"1439","EGR3"
"1440","LINC01616"
"1441",NA
"1442","FBXO40"
"1443","PLCZ1"
"1444","RAP1GAP"
"1445","NCCRP1"
"1446",NA
"1447","COL14A1"
"1448",NA
"1449",NA
"1450",NA
"1451","CXCL12"
"1452","SNCAIP"
"1453",NA
"1454",NA
"1455","TMEM200C"
"1456",NA
"1457","LOC101929420"
"1458",NA
"1459",NA
"1460","APOM"
"1461","EGR4"
"1462","CTNNA3"
"1463","SLC45A1"
"1464","CYYR1"
"1465",NA
"1466",NA
"1467",NA
"1468",NA
"1469","FAM110D"
"1470","SFTPB"
"1471",NA
"1472","TREH"
"1473","FOXE3"
"1474",NA
"1475","NR3C2"
"1476",NA
"1477","OLFM4"
"1478","OTC"
"1479","MYOZ1"
"1480","OLIG1"
"1481","ST8SIA5"
"1482","LINC00310"
"1483","TMEM72-AS1"
"1484","ST6GAL1"
"1485",NA
"1486",NA
"1487",NA
"1488","IL11"
"1489",NA
"1490","LRRTM3"
"1491","SLC22A6"
"1492",NA
"1493","RAPGEF4"
"1494","C10orf55"
"1495","UGT1A11P"
"1496","RNF223"
"1497","GAS1"
"1498","PON1"
"1499","NRN1"
"1500","CALHM4"
"1501","RPRM"
"1502","RN7SL835P"
"1503",NA
"1504","KRT8P28"
"1505","SCN4A"
"1506","PGM5P3-AS1"
"1507","CLDN11"
"1508","CDH18"
"1509","TBXA2R"
"1510","SERPINA4"
"1511","MT1F"
"1512","EPN3"
"1513","RNA5SP155"
"1514","OMD"
"1515",NA
"1516","MROH2B"
"1517",NA
"1518","PSG5"
"1519",NA
"1520","SELENOP"
"1521","ZG16"
"1522","GPR155"
"1523","DIO3OS"
"1524",NA
"1525","LRRC37A11P"
"1526","HRC"
"1527",NA
"1528",NA
"1529","VGLL1"
"1530",NA
"1531",NA
"1532",NA
"1533","LINC00570"
"1534","AQP4"
"1535","FAM184A"
"1536","LINC01799"
"1537",NA
"1538",NA
"1539","PVALB"
"1540",NA
"1541","TMEM229A"
"1542","C5orf38"
"1543","PPIAP39"
"1544","CYP4F3"
"1545",NA
"1546","LINC01968"
"1547","LINC01554"
"1548","TMEM204"
"1549","LOC101927760"
"1550","DCD"
"1551",NA
"1552","INMT-MINDY4"
"1553","LRRC4"
"1554","GPR50"
"1555","LRRN2"
"1556",NA
"1557",NA
"1558","LOC100506274"
"1559","KCNE1"
"1560","CCM2L"
"1561","MEIS2"
"1562","PKHD1L1"
"1563","ZNF728"
"1564","PDK4"
"1565","C1orf226"
"1566","IGFBP2"
"1567","LINC02884"
"1568","LOC107984360"
"1569","MYOM1"
"1570",NA
"1571","SLC22A7"
"1572","DIPK1C"
"1573","BVES-AS1"
"1574","PMP2"
"1575","LOC100509620"
"1576",NA
"1577","LOC100418888"
"1578",NA
"1579","F10-AS1"
"1580",NA
"1581",NA
"1582","CSPG4P13"
"1583","PCAT18"
"1584",NA
"1585",NA
"1586","OR2C1"
"1587","RERG-AS1"
"1588","TENT5B"
"1589","PDE3A"
"1590","IL20"
"1591","HEPACAM"
"1592",NA
"1593","ACADSB"
"1594","HMCN2"
"1595","CCSER1"
"1596","MMRN2"
"1597",NA
"1598",NA
"1599","ALPL"
"1600","BNIPL"
"1601",NA
"1602",NA
"1603",NA
"1604","SOCS2"
"1605","CES3"
"1606","HS6ST1"
"1607",NA
"1608",NA
"1609","GAS6-DT"
"1610","MMRN1"
"1611","PLXNA4"
"1612","PKLR"
"1613","SYN2"
"1614","SOX17"
"1615","HOXD3"
"1616","RORB"
"1617","CNTFR"
"1618","PKNOX2"
"1619",NA
"1620","IGF2"
"1621",NA
"1622","CAV3"
"1623","LYPD6B"
"1624","CAPN8"
"1625","LINC02181"
"1626",NA
"1627","MYMX"
"1628","NOVA2"
"1629","WNK3"
"1630",NA
"1631","SPATA13"
"1632","FLT4"
"1633","OLAH"
"1634","TRPC6"
"1635","PLPP4"
"1636","NPY2R"
"1637","LYPD6"
"1638","KIT"
"1639","GDPD2"
"1640","PRSS22"
"1641",NA
"1642",NA
"1643","EMILIN3"
"1644","MYZAP"
"1645","LOC105374428"
"1646",NA
"1647","LINC00924"
"1648","SLC38A3"
"1649","HAO2-IT1"
"1650","AZGP1P2"
"1651",NA
"1652","SYNPO2"
"1653","KRT40"
"1654","NPAP1"
"1655","THSD7B"
"1656","RSPO3"
"1657","LINC01539"
"1658",NA
"1659",NA
"1660","MALRD1"
"1661","GLRA3"
"1662","BCL6B"
"1663","CR1"
"1664","INSC"
"1665","LINC02891"
"1666","AGXT2"
"1667","PPFIA2"
"1668","SPOCK2"
"1669","LOC101928590"
"1670","ZFP42"
"1671",NA
"1672","S1PR3"
"1673","PID1"
"1674","TMEM105"
"1675","SLC16A2"
"1676","C6orf223"
"1677","SMIM18"
"1678","LTBP1"
"1679","ACTG2"
"1680","CTCFL"
"1681","OVAAL"
"1682","CACNA1H"
"1683",NA
"1684","GSTA3"
"1685","SLC23A1"
"1686","TBX2"
"1687",NA
"1688","FAM241A"
"1689","HAS2"
"1690","LOC105371855"
"1691","VGLL3"
"1692",NA
"1693",NA
"1694","IGF2BP2-AS1"
"1695",NA
"1696","SELENBP1"
"1697","RXFP1"
"1698","CCL16"
"1699",NA
"1700","CCL14"
"1701","MT1JP"
"1702","COL26A1"
"1703","DMGDH"
"1704","NUDT10"
"1705",NA
"1706","PDLIM2"
"1707","FNDC9"
"1708","RN7SL771P"
"1709","BMP3"
"1710",NA
"1711","HSPB6"
"1712",NA
"1713","LOC283856"
"1714","C5orf47"
"1715","ALX1"
"1716","LINC02671"
"1717","SOX7"
"1718","IL17B"
"1719","SOX18"
"1720","PWRN1"
"1721",NA
"1722","HID1-AS1"
"1723",NA
"1724","S100A2"
"1725","SLC9A3R2"
"1726",NA
"1727",NA
"1728","OR7E91P"
"1729",NA
"1730",NA
"1731","TP63"
"1732","ETNK2"
"1733","DIPK1B"
"1734","SERPINB10"
"1735","ADRA2C"
"1736","DOC2B"
"1737","CDKN1C"
"1738","SHISA8"
"1739",NA
"1740",NA
"1741",NA
"1742","RTP3"
"1743","INSL4"
"1744","ADGRF5P1"
"1745",NA
"1746","IRAG1"
"1747","FUT1"
"1748","SYT1"
"1749",NA
"1750","SLC16A10"
"1751","NTRK3-AS1"
"1752","RIPPLY1"
"1753","SEMA4A"
"1754","MIOX"
"1755","EDDM3A"
"1756","PNMT"
"1757","LINC02389"
"1758",NA
"1759",NA
"1760","DUSP2"
"1761",NA
"1762",NA
"1763",NA
"1764",NA
"1765","PSCA"
"1766",NA
"1767","S1PR1"
"1768","SPSB4"
"1769",NA
"1770","OR7E36P"
"1771","ZFY-AS1"
"1772",NA
"1773",NA
"1774","CT62"
"1775","SOWAHA"
"1776",NA
"1777","TAFA4"
"1778","LOC101927855"
"1779",NA
"1780",NA
"1781",NA
"1782",NA
"1783",NA
"1784",NA
"1785","GLYATL1"
"1786",NA
"1787","MAFA"
"1788",NA
"1789",NA
"1790","C11orf96"
"1791","PYGM"
"1792","KBTBD13"
"1793","RNU6-46P"
"1794","SLC7A7"
"1795","GRM7-AS3"
"1796","FOXC2"
"1797",NA
"1798","ARHGAP28"
"1799",NA
"1800","TSPAN5"
"1801",NA
"1802","MAP6"
"1803","CLDN10"
"1804","SCN9A"
"1805","MYO3B-AS1"
"1806","PBLD"
"1807","LSAMP"
"1808","ZNF98"
"1809","ZFY"
"1810","LINC00517"
"1811",NA
"1812","IGF2-AS"
"1813",NA
"1814","DNM3"
"1815","GFRA2"
"1816",NA
"1817","EBF1"
"1818","CHGB"
"1819",NA
"1820","GPRC5B"
"1821","ZNF804A"
"1822","LEF1-AS1"
"1823","CLEC18C"
"1824","LINC02688"
"1825","GRK1"
"1826","TUB-AS1"
"1827","KLHL14"
"1828","RHOBTB3"
"1829","SGIP1"
"1830","RPS27P28"
"1831",NA
"1832","KLK6"
"1833","NXPE2"
"1834","SULT1E1"
"1835","PTGER4"
"1836","ENTPD3"
"1837",NA
"1838",NA
"1839","CKMT2"
"1840","SMIM10L2B"
"1841",NA
"1842","ENOX1"
"1843",NA
"1844",NA
"1845",NA
"1846",NA
"1847","LOC105373757"
"1848","CLUL1"
"1849","LRRTM1"
"1850","PEPD"
"1851","VIP"
"1852","APOD"
"1853",NA
"1854","SPOCK3"
"1855","MEG3"
"1856",NA
"1857","NECTIN4"
"1858","WEE2"
"1859","GAS1RR"
"1860","KCNC4"
"1861","HBEGF"
"1862","SNAI2"
"1863",NA
"1864","LINC00845"
"1865","LOC101927551"
"1866","FBLN5"
"1867",NA
"1868","PP2672"
"1869","CNEP1R1P1"
"1870","HOXB1"
"1871","THRSP"
"1872","IQGAP2"
"1873","TTTY10"
"1874",NA
"1875","SYT9"
"1876","EPAS1"
"1877","GABRR1"
"1878","DACT3"
"1879","LINC01224"
"1880","KCNS2"
"1881",NA
"1882","AZGP1"
"1883","ADGRL4"
"1884","ACOX2"
"1885","PNLDC1"
"1886","WNT11"
"1887","RN7SL589P"
"1888",NA
"1889","LINC00970"
"1890",NA
"1891",NA
"1892","NGF-AS1"
"1893","LINC02202"
"1894","LINC00323"
"1895","CYP17A1"
"1896","MPP7"
"1897","GRM3"
"1898","TMPRSS3"
"1899",NA
"1900","CD300LG"
"1901","TDRD5"
"1902","SLC30A2"
"1903","RCAN1"
"1904",NA
"1905","THRB"
"1906","PCDH12"
"1907",NA
"1908","TINCR"
"1909","PCDH19"
"1910","MIR10B"
"1911","PGM5P4-AS1"
"1912","PEAR1"
"1913",NA
"1914","PDE1C"
"1915","ZNF710-AS1"
"1916","ITPR1"
"1917","RSPO2"
"1918","NPM1P25"
"1919",NA
"1920","RPL5P14"
"1921","WDR72"
"1922",NA
"1923","PANK1"
"1924","P2RX2"
"1925","CBARP"
"1926","C5orf52"
"1927","SLC22A23"
"1928",NA
"1929","CCK"
"1930","SLC6A18"
"1931","PRX"
"1932",NA
"1933","RASGRF2"
"1934","TTTY14"
"1935","DENND2A"
"1936","CH25H"
"1937","MGAT3"
"1938","FMO5"
"1939",NA
"1940","CDCP2"
"1941","SYNDIG1"
"1942",NA
"1943","RHBDL3"
"1944","PNOC"
"1945","ADGRF1"
"1946","CALCR"
"1947","EGFL7"
"1948","MIR3117"
"1949",NA
"1950","LINC00472"
"1951","SYTL5"
"1952","PRKCE"
"1953",NA
"1954","ISM2"
"1955","TENT5D"
"1956",NA
"1957","MEGF10"
"1958","RNU5B-4P"
"1959","PCSK2"
"1960","OVCH1"
"1961","LOC105378499"
"1962","EBF2"
"1963",NA
"1964","HSD11B1"
"1965","SH3BP5"
"1966","PRMT5-DT"
"1967",NA
"1968",NA
"1969",NA
"1970","SMIM24"
"1971","TFF3"
"1972","SLC6A4"
"1973","RN7SL267P"
"1974","GIMAP8"
"1975","CYP3A4"
"1976","NAGS"
"1977","NPTX1"
"1978","WASIR1"
"1979","DDR2"
"1980","SH3BP4"
"1981","H1-4"
"1982","LOC100130370"
"1983","PART1"
"1984","KRTAP17-1"
"1985","LINC02798"
"1986","ASAP2"
"1987","LOC105374344"
"1988","STARD8"
"1989","COL9A2"
"1990","ESAM"
"1991",NA
"1992","TOX"
"1993","SHC3"
"1994","ANO3"
"1995","UGT3A1"
"1996",NA
"1997",NA
"1998","SLC16A11"
"1999","GCH1"
"2000","PGM5-AS1"
"2001",NA
"2002",NA
"2003",NA
"2004","NR4A1AS"
"2005","SIM1"
"2006","UTY"
"2007","EHD4-AS1"
"2008","LINC01298"
"2009","LINC01565"
"2010","HEPH"
"2011","AK4"
"2012",NA
"2013","PTGDS"
"2014",NA
"2015",NA
"2016","LOC101927787"
"2017","TSPEAR"
"2018",NA
"2019","ABAT"
"2020","HOXB-AS3"
"2021","EGR2"
"2022",NA
"2023","CGN"
"2024","CACNA1C"
"2025",NA
"2026",NA
"2027","LEFTY2"
"2028",NA
"2029","GIPC3"
"2030","LOC101928622"
"2031","BNIP3P39"
"2032","ITIH5"
"2033","PSAT1"
"2034",NA
"2035","USP9Y"
"2036","ATP1A1"
"2037",NA
"2038","SLC25A34"
"2039","MFAP4"
"2040","ESPN"
"2041","LAMC3"
"2042","HSPA12A"
"2043","LINC01395"
"2044","BNIP3P33"
"2045","MARCHF10"
"2046","THSD7A"
"2047","RPL21P135"
"2048","NTN4"
"2049","SLC26A9"
"2050","CLMN"
"2051","CA12"
"2052","GRIA3"
"2053","PACRG-AS1"
"2054","F13A1"
"2055","TRPC5"
"2056","SLC16A12-AS1"
"2057","NOTCH4"
"2058","LOC401463"
"2059","IGSF11"
"2060",NA
"2061","DDX3Y"
"2062","GREM1"
"2063","RASIP1"
"2064","C5AR2"
"2065","GJA8"
"2066","TFAP2A"
"2067","LHX6"
"2068",NA
"2069",NA
"2070","GSTM5"
"2071",NA
"2072",NA
"2073","GRIP2"
"2074","GXYLT1P6"
"2075",NA
"2076","TAL1"
"2077",NA
"2078",NA
"2079",NA
"2080",NA
"2081","CEACAM7"
"2082","SPRR2D"
"2083","SNED1"
"2084",NA
"2085","PADI2"
"2086","SNRPCP16"
"2087","C3orf70"
"2088","CCN2"
"2089","NTN1"
"2090",NA
"2091",NA
"2092",NA
"2093","SLC25A42"
"2094","SPAAR"
"2095","ITPKB"
"2096","NRAD1"
"2097","PDGFRB"
"2098","FOXN4"
"2099","MN1"
"2100","PCAT19"
"2101","AFP"
"2102","ACVR1C"
"2103","TGFBR3"
"2104","RIPOR3"
"2105","DIO2"
"2106","SOX2-OT"
"2107",NA
"2108",NA
"2109","WNK1"
"2110",NA
"2111",NA
"2112","GGT5"
"2113","LINC02148"
"2114",NA
"2115","ITGA10"
"2116",NA
"2117","ZNF331"
"2118","CCL23"
"2119","SOX5"
"2120","BCAM"
"2121",NA
"2122","FLT1"
"2123",NA
"2124","GIMAP6"
"2125","LRRC32"
"2126",NA
"2127","STOX1"
"2128",NA
"2129","VIL1"
"2130",NA
"2131","CCDC3"
"2132",NA
"2133","GATM"
"2134","CLDN5"
"2135","SHISA6"
"2136","SULT2B1"
"2137","CDH5"
"2138","EDNRA"
"2139","TCF7L1"
"2140",NA
"2141",NA
"2142","PRIMA1"
"2143","HTR1B"
"2144","NTRK3"
"2145",NA
"2146","ECHDC3"
"2147","ENPP7P3"
"2148",NA
"2149","CBY2"
"2150","OVCH1-AS1"
"2151",NA
"2152","LINC01451"
"2153","FNDC5"
"2154",NA
"2155",NA
"2156",NA
"2157",NA
"2158","MYO18B"
"2159",NA
"2160","PTGFR"
"2161","FXYD1"
"2162","BNIP3P9"
"2163",NA
"2164","VDR"
"2165",NA
"2166","SGCA"
"2167","ENPP7"
"2168","ARHGEF26"
"2169","TEDDM1"
"2170","NEU4"
"2171","B4GALNT2"
"2172","LOC101928438"
"2173","TMEM132C"
"2174",NA
"2175","AQP5"
"2176","APOLD1"
"2177","WLS"
"2178","COL24A1"
"2179","IL1R2"
"2180",NA
"2181","CASZ1"
"2182","GALNT18"
"2183","MSRA"
"2184","KCNH6"
"2185",NA
"2186",NA
"2187","ARAP3"
"2188","GDF3"
"2189",NA
"2190","F3"
"2191","RPL32P20"
"2192","SHBG"
"2193","MARK2P5"
"2194","FAM167A"
"2195",NA
"2196",NA
"2197","PRRG3"
"2198","KL"
"2199","RAMP2"
"2200",NA
"2201",NA
"2202","HTR3C"
"2203","CCL8"
"2204",NA
"2205","TRIM6-TRIM34"
"2206","GRIN2A"
"2207","NPAS4"
"2208",NA
"2209","FECH"
"2210",NA
"2211",NA
"2212","MGC27382"
"2213",NA
"2214",NA
"2215","AXDND1"
"2216","ECM2"
"2217","CHIA"
"2218","ZIM2"
"2219","CCL19"
"2220",NA
"2221",NA
"2222","PFKFB3"
"2223","RABGAP1L-DT"
"2224","SATL1"
"2225","TMEM244"
"2226","GRIK5"
"2227",NA
"2228","EMX1"
"2229",NA
"2230","CADM2"
"2231",NA
"2232","CYP26B1"
"2233","NRIP2"
"2234","GAL3ST3"
"2235","TAGLN"
"2236","DNER"
"2237",NA
"2238",NA
"2239","SLC4A11"
"2240","CPED1"
"2241","FAM43A"
"2242","LOC285626"
"2243",NA
"2244","EIF1AY"
"2245",NA
"2246",NA
"2247","TNN"
"2248",NA
"2249","ADGRL3"
"2250","GGH"
"2251",NA
"2252","NPNT"
"2253","LANCL3"
"2254","CLRN2"
"2255","ASPN"
"2256","RNU6-20P"
"2257","FRY"
"2258",NA
"2259",NA
"2260","PRKN"
"2261","COLCA1"
"2262","NAT8B"
"2263","CACNA1E"
"2264","EFCC1"
"2265",NA
"2266",NA
"2267","HS3ST3A1"
"2268",NA
"2269","CCDC190"
"2270","MAN1A1"
"2271","CLSTN2-AS1"
"2272","STON1"
"2273","TMEM74"
"2274","SLC43A2"
"2275","SYT4"
"2276","TMEM88"
"2277",NA
"2278","SLC6A17"
"2279",NA
"2280",NA
"2281","CNKSR1"
"2282","LOC101928731"
"2283","PTGS1"
"2284","LBP"
"2285","CDH16"
"2286","ZNF726"
"2287",NA
"2288","CASP12"
"2289",NA
"2290","AGRP"
"2291","EML6"
"2292",NA
"2293","GRAP"
"2294","NPY1R"
"2295",NA
"2296",NA
"2297","ZNF385D"
"2298","ITGA9"
"2299",NA
"2300","PPP1R17"
"2301",NA
"2302","MAGEE2"
"2303",NA
"2304","LINC02701"
"2305","TLN2"
"2306","RAB25"
"2307",NA
"2308","PTH1R"
"2309",NA
"2310","CACNA2D2"
"2311","SLC7A3"
"2312","MRPS9-AS2"
"2313","LOC100420027"
"2314","TPST2"
"2315","ALDH4A1"
"2316",NA
"2317","C3orf85"
"2318",NA
"2319","UGT8"
"2320","MYLK"
"2321","DOK6"
"2322",NA
"2323",NA
"2324","ADAMTS4"
"2325","CCNP"
"2326","RBMY2SP"
"2327","GLB1L3"
"2328","MAB21L1"
"2329","CCN1"
"2330","PWAR5"
"2331","C1QTNF2"
"2332","CDKL1"
"2333",NA
"2334",NA
"2335","BVES"
"2336","KCTD8"
"2337","C9orf152"
"2338",NA
"2339","PGM5"
"2340","AOX1"
"2341","RNU6-653P"
"2342","TRIB2"
"2343",NA
"2344","GRAPL"
"2345","GABRB3"
"2346","LOC196469"
"2347",NA
"2348","RASGRF2-AS1"
"2349",NA
"2350","SH2D3C"
"2351",NA
"2352","SPAG5"
"2353",NA
"2354",NA
"2355",NA
"2356","S100A5"
"2357",NA
"2358","LOC101928994"
"2359","BEX5"
"2360","KHDRBS2"
"2361","PC"
"2362","LINC01060"
"2363","OR7E12P"
"2364","MEIOC"
"2365",NA
"2366",NA
"2367",NA
"2368",NA
"2369","FRZB"
"2370","PHACTR1"
"2371","SPARCL1"
"2372",NA
"2373","HOXD4"
"2374",NA
"2375",NA
"2376",NA
"2377","C10orf82"
"2378","LINC01350"
"2379","NAP1L5"
"2380","LINC00945"
"2381","MAP3K15"
"2382","HADH"
"2383","MAGI3"
"2384","PRAMENP"
"2385",NA
"2386","LYPD2"
"2387","APCDD1"
"2388",NA
"2389","KCNJ3"
"2390","EPHX2"
"2391","GJA4"
"2392","C10orf126"
"2393","LINC01780"
"2394","PPP1R14A"
"2395","DTX1"
"2396","GPR4"
"2397","ALAD"
"2398","ABCD2"
"2399","HGF"
"2400",NA
"2401","SYNE3"
"2402",NA
"2403","BTNL9"
"2404",NA
"2405",NA
"2406",NA
"2407",NA
"2408","SOX30"
"2409","ARL14EPL"
"2410","MGAT3-AS1"
"2411","UQCRHP1"
"2412",NA
"2413","LOC105374618"
"2414",NA
"2415","GK3P"
"2416",NA
"2417",NA
"2418","WNT10A"
"2419","LINC01954"
"2420","SARDH"
"2421",NA
"2422","MUC4"
"2423",NA
"2424",NA
"2425","AADACP1"
"2426","ENG"
"2427","PLEKHG4B"
"2428","NRGN"
"2429",NA
"2430","NOTUM"
"2431","CTH"
"2432",NA
"2433","CRH"
"2434","GIMAP3P"
"2435","ZNF350-AS1"
"2436","LAMA2"
"2437","CYP4B1"
"2438","RBP7"
"2439",NA
"2440",NA
"2441","LINC02381"
"2442","LINC01352"
"2443","GPT"
"2444","MCF2"
"2445","FST"
"2446","CDH13"
"2447",NA
"2448","PRR15"
"2449","MYH7"
"2450","LOC728755"
"2451","HOXD9"
"2452",NA
"2453","SLC25A33"
"2454","LOC100507403"
"2455",NA
"2456","DLX3"
"2457","CACHD1"
"2458","KCNQ1-AS1"
"2459","ART4"
"2460","HECW2"
"2461","ASPHD2"
"2462","KNL1"
"2463","VWA2"
"2464","SLC5A10"
"2465",NA
"2466","CHODL"
"2467","GPR3"
"2468","TRPC7-AS2"
"2469","PDE4C"
"2470",NA
"2471",NA
"2472","FAM43B"
"2473","PCP4L1"
"2474","USP2"
"2475","SMLR1"
"2476","SRGAP2B"
"2477","CILP"
"2478","FBLN1"
"2479","JCAD"
"2480","FAIM2"
"2481",NA
"2482",NA
"2483",NA
"2484","CAMK1G"
"2485","PLCH2"
"2486","IDNK"
"2487","NOX4"
"2488","TNS1"
"2489",NA
"2490","RN7SL320P"
"2491",NA
"2492","EVX1"
"2493","VWA3B"
"2494",NA
"2495","EPM2A"
"2496","NPY5R"
"2497","HMCN1"
"2498","MIR3125"
"2499","FOS"
"2500","SH3YL1"
"2501","OLFML3"
"2502","GRB14"
"2503","NANOS1"
"2504","LUM"
"2505","LINC01783"
"2506","RGMA"
"2507",NA
"2508","LOC646674"
"2509","ANXA9"
"2510","CHRM1"
"2511","ADGRB3"
"2512",NA
"2513","LOC101929494"
"2514","PTX3"
"2515","TMSB15A"
"2516",NA
"2517","NLRP10"
"2518",NA
"2519",NA
"2520","RN7SL12P"
"2521","TRIM50"
"2522",NA
"2523","TRAM1L1"
"2524","SLC16A12"
"2525",NA
"2526","EGR1"
"2527","STX19"
"2528","SYDE2"
"2529","SLC16A7"
"2530","ASB9"
"2531",NA
"2532","NCOA7"
"2533","HLX-AS1"
"2534","RN7SL313P"
"2535",NA
"2536","VIPR1"
"2537","CNTN5"
"2538","PCDH17"
"2539","MAB21L2"
"2540","TCEAL7"
"2541","PPM1K"
"2542","SGSM1"
"2543","LINC00311"
"2544","FGL2"
"2545","ERLNC1"
"2546","CLEC14A"
"2547","ECSCR"
"2548","CNDP1"
"2549","STPG2"
"2550","KLHL1"
"2551","SSTR3"
"2552",NA
"2553","USP46-DT"
"2554",NA
"2555","ANO2"
"2556","PLCB1"
"2557","PPP1R1B"
"2558","OR2T10"
"2559",NA
"2560",NA
"2561","PPP1R12B"
"2562",NA
"2563",NA
"2564","GUSBP3"
"2565","SHE"
"2566","PGAM1P5"
"2567","LOC285804"
"2568","PAMR1"
"2569",NA
"2570","LINC01711"
"2571",NA
"2572",NA
"2573","CRYBG3"
"2574",NA
"2575","CD93"
"2576",NA
"2577",NA
"2578","KCNJ12"
"2579","NAALAD2"
"2580","GK"
"2581","KCNIP1"
"2582",NA
"2583",NA
"2584","SLC2A5"
"2585","TACC1"
"2586",NA
"2587","R3HDML"
"2588","LINC02289"
"2589","INMT"
"2590","ATF3"
"2591","PEBP4"
"2592","BHMT2"
"2593","PDE10A"
"2594","MYOM2"
"2595","YWHAQP5"
"2596",NA
"2597","FAM181B"
"2598","MYMK"
"2599","CLEC4M"
"2600","OSBPL6"
"2601","LINC01649"
"2602","ROBO2"
"2603","DEUP1"
"2604","NAP1L2"
"2605","LINGO2"
"2606","FZD7"
"2607",NA
"2608",NA
"2609",NA
"2610","UGT2B7"
"2611",NA
"2612","LRRC9"
"2613","BTG2"
"2614","LSMEM2"
"2615",NA
"2616",NA
"2617",NA
"2618",NA
"2619","PLVAP"
"2620","LINC01342"
"2621","PRSS12"
"2622","RNA5SP290"
"2623",NA
"2624",NA
"2625","SPINK7"
"2626","C9"
"2627","SCRG1"
"2628",NA
"2629","ALDH3B2"
"2630","CAT"
"2631","TMEM35A"
"2632","ECEL1P2"
"2633","ZNF503"
"2634",NA
"2635","AGBL4"
"2636","KLHL38"
"2637","C11orf54"
"2638","IMPG2"
"2639","GPR20"
"2640","HOXD11"
"2641","DNAH8"
"2642",NA
"2643","CLEC4C"
"2644","SFRP5"
"2645",NA
"2646","FAM170B"
"2647","LRRC77P"
"2648","FGF18"
"2649","C9orf135"
"2650","ADAMTS17"
"2651","PHGDH"
"2652","AOC4P"
"2653",NA
"2654","SEPTIN4"
"2655",NA
"2656",NA
"2657",NA
"2658",NA
"2659","SMOC2"
"2660","MRAP2"
"2661",NA
"2662",NA
"2663","CACNB4"
"2664","FZD10-AS1"
"2665","PDE7B"
"2666","DHDH"
"2667","ARHGAP44-AS1"
"2668","ATP2C2"
"2669","NPR3"
"2670",NA
"2671","ASTL"
"2672","SOCS2-AS1"
"2673",NA
"2674","SYNPO"
"2675","BMP6"
"2676","MTUS1"
"2677","PACRG"
"2678","GUCA1C"
"2679","RAPH1"
"2680","C1QTNF9"
"2681",NA
"2682","DIO3"
"2683","FRMD3"
"2684","GNG8"
"2685",NA
"2686",NA
"2687","CNNM2"
"2688","CWH43"
"2689",NA
"2690",NA
"2691","LOC284241"
"2692",NA
"2693",NA
"2694","WNT3A"
"2695",NA
"2696",NA
"2697","PLP1"
"2698",NA
"2699","COL4A3"
"2700",NA
"2701","PRELP"
"2702",NA
"2703","CCDC152"
"2704","SOX13"
"2705","IL12B"
"2706","FGF16"
"2707","NOCT"
"2708","OVOL1"
"2709","INSYN2A"
"2710","SRD5A2"
"2711",NA
"2712","WWC2"
"2713","CDC14A"
"2714","SIK1"
"2715","PON3"
"2716","F2R"
"2717","TMPRSS13"
"2718","DCHS1"
"2719","MIR345"
"2720","BSPRY"
"2721","FABP2"
"2722","PAX5"
"2723",NA
"2724","ACOT4"
"2725",NA
"2726",NA
"2727",NA
"2728",NA
"2729",NA
"2730","THBS1"
"2731","CLCA3P"
"2732","RN7SL105P"
"2733","CMTM4"
"2734",NA
"2735",NA
"2736","EFEMP1"
"2737","ZBTB20-AS4"
"2738","GIMAP5"
"2739",NA
"2740",NA
"2741","APLN"
"2742","PRKG1"
"2743","SUSD3"
"2744","TCIM"
"2745","NOS2"
"2746","KRT2"
"2747","ERMP1"
"2748","HIF3A"
"2749","RHOJ"
"2750",NA
"2751","EGFL6"
"2752","CYP3A7"
"2753","FOXD2"
"2754","MIR3681HG"
"2755",NA
"2756","LUZP2"
"2757","GMPR"
"2758","SHISA3"
"2759","TIMP4"
"2760","RET"
"2761","FMO3"
"2762","NEBL"
"2763","PRDM7"
"2764","CAPN13"
"2765","MOXD1"
"2766","VN1R2"
"2767",NA
"2768","PLAAT2"
"2769",NA
"2770","RPS5P5"
"2771","PCSK1"
"2772",NA
"2773",NA
"2774",NA
"2775","CHRDL1"
"2776","BAALC"
"2777",NA
"2778","TMEM150C"
"2779","RNU6-418P"
"2780","LETR1"
"2781","CNGA3"
"2782",NA
"2783","PHF21B"
"2784","SLC27A2"
"2785","KLHDC8A"
"2786","AKAIN1"
"2787","PAQR5"
"2788","ACADM"
"2789","CYP51A1"
"2790","TNS2"
"2791","REEP6"
"2792",NA
"2793","GAS2"
"2794",NA
"2795",NA
"2796","CLEC18A"
"2797","ANKRD46"
"2798","COL19A1"
"2799","ADRA2A"
"2800","KCNJ6"
"2801","LRRC37A6P"
"2802","ARL15"
"2803",NA
"2804","ADGRG5"
"2805","LINC02204"
"2806",NA
"2807","RNF224"
"2808","ABCG2"
"2809",NA
"2810",NA
"2811",NA
"2812","C11orf87"
"2813",NA
"2814",NA
"2815","RNASE1"
"2816","ATP5PBP2"
"2817","HCAR1"
"2818","AATK"
"2819",NA
"2820",NA
"2821","ZNF99"
"2822","DCXR"
"2823","SLC22A1"
"2824",NA
"2825","AIF1L"
"2826",NA
"2827","CCDC162P"
"2828","CLEC1A"
"2829","TTC38"
"2830",NA
"2831",NA
"2832",NA
"2833","ERRFI1"
"2834","SNX18"
"2835",NA
"2836","SIGLEC11"
"2837","SEC14L5"
"2838",NA
"2839","RNU6-911P"
"2840","TAMALIN"
"2841","TAL2"
"2842","ACY1"
"2843","PTPN5"
"2844","PLAU"
"2845",NA
"2846",NA
"2847","CYB5A"
"2848","LOC100506725"
"2849","SORCS3"
"2850","DLG2"
"2851",NA
"2852","LOC643802"
"2853",NA
"2854","NDUFAB1P1"
"2855",NA
"2856","LINC00609"
"2857","RNU2-27P"
"2858","SLC7A2"
"2859",NA
"2860",NA
"2861","FTCD"
"2862","TG"
"2863","IL9"
"2864","HOXD1"
"2865",NA
"2866",NA
"2867","ITM2A"
"2868",NA
"2869","CD82"
"2870","DSEL-AS1"
"2871","TBC1D9"
"2872","CPEB4"
"2873","TRGC1"
"2874","NOTCH3"
"2875","LGI1"
"2876",NA
"2877","HPR"
"2878","ADGRA2"
"2879","TMEM86A"
"2880","HOXC5"
"2881","GPR146"
"2882","CSMD1"
"2883","KIAA1549L"
"2884","LY6K"
"2885","C9orf24"
"2886",NA
"2887","CPB2-AS1"
"2888","PALM3"
"2889",NA
"2890","NTN3"
"2891","ST13P12"
"2892",NA
"2893","FXYD6"
"2894","EAF2"
"2895","CSRNP1"
"2896","CCN4"
"2897","CD248"
"2898","ITPR2"
"2899","TM4SF5"
"2900","RAMP1"
"2901",NA
"2902",NA
"2903","FBLN2"
"2904","ALLC"
"2905","TBX1"
"2906",NA
"2907","RNF133"
"2908","IDI1"
"2909","ST3GAL1"
"2910","SOWAHB"
"2911","LOC101927560"
"2912","MTARC2"
"2913","GALNT3"
"2914","SLC4A4"
"2915",NA
"2916","XK"
"2917","CDC42EP3"
"2918",NA
"2919",NA
"2920","LOC101929353"
"2921",NA
"2922",NA
"2923","TMEM37"
"2924","USP44"
"2925","APBB2"
"2926","STARD13-AS"
"2927","SORL1"
"2928","RNU5E-1"
"2929","LINC00670"
"2930","SLC22A9"
"2931",NA
"2932","ACAD11"
"2933","NYAP1"
"2934","IDH2"
"2935","GBP4"
"2936","ACTC1"
"2937",NA
"2938",NA
"2939",NA
"2940","ASS1P10"
"2941","GRASLND"
"2942","SSTR1"
"2943","DLC1"
"2944","OPHN1"
"2945","CHRM3-AS1"
"2946",NA
"2947","PEX5L"
"2948","VIPR2"
"2949","CPA5"
"2950","LONRF2"
"2951",NA
"2952","EFS"
"2953",NA
"2954",NA
"2955","ART3"
"2956","GVINP2"
"2957","WTAPP1"
"2958","WDFY2"
"2959","TRPM3"
"2960","COL9A1"
"2961",NA
"2962","WNT6"
"2963","ZNF878"
"2964","PECAM1"
"2965","MRAP"
"2966","GPD1"
"2967","BNIP3P30"
"2968",NA
"2969",NA
"2970",NA
"2971","KCTD15"
"2972","ABO"
"2973","LINC00545"
"2974","FLJ42969"
"2975","TNNI3K"
"2976","FGD5"
"2977","ZNF582-DT"
"2978","HEG1"
"2979","LOC100420114"
"2980",NA
"2981",NA
"2982","INSYN2B"
"2983","ALX4"
"2984","TAF7L"
"2985",NA
"2986","RFPL4B"
"2987","LYPLAL1-DT"
"2988","CLEC18B"
"2989","GPRASP1"
"2990","ATP1B1"
"2991","TEX26-AS1"
"2992","DLGAP3"
"2993","COL6A4P1"
"2994",NA
"2995","CADM1"
"2996",NA
"2997",NA
"2998","CROCC2"
"2999","LINC00629"
"3000","ARL4D"
"3001","ASB11"
"3002","IRAG1-AS1"
"3003","TP53AIP1"
"3004","PDGFB"
"3005","MIR22HG"
"3006","FAM167B"
"3007","SYTL4"
"3008","LOC100418710"
"3009",NA
"3010","CPT1A"
"3011","NDRG2"
"3012","LOC100505501"
"3013","RBFOX3"
"3014","BCL2L10"
"3015","LINC00276"
"3016","DDC-AS1"
"3017","KLHL15"
"3018","TDRD15"
"3019","CDC42EP2"
"3020","RASL10B"
"3021","USP46"
"3022","PPAN-P2RY11"
"3023","FAM138B"
"3024",NA
"3025","TP53I11"
"3026","TMEM266"
"3027",NA
"3028","MIR100HG"
"3029","TRIM2"
"3030","ELMOD1"
"3031","PBX1"
"3032","CHGA"
"3033","FOXO1"
"3034","RPS6KA6"
"3035","NAV2"
"3036","OAT"
"3037","LINC01686"
"3038","CSRP1"
"3039","GADD45B"
"3040","STUM"
"3041","FGF7P6"
"3042","CDH15"
"3043",NA
"3044","LEF1"
"3045","ARHGAP20"
"3046","ZFYVE9"
"3047","TMEM52"
"3048","LINC01503"
"3049","LHFPL6"
"3050","DUOX2"
"3051","NCKAP5-AS2"
"3052","TMEM108"
"3053","CADPS2"
"3054","EXPH5"
"3055","LOC103344931"
"3056","APOL4"
"3057",NA
"3058","HOXB6"
"3059","PSME2P4"
"3060","GPR88"
"3061",NA
"3062","SRGAP2C"
"3063","FAM71F1"
"3064","TBC1D24"
"3065","PLS3"
"3066",NA
"3067",NA
"3068","SELENOM"
"3069","FAM87A"
"3070",NA
"3071","BLNK"
"3072","SOWAHC"
"3073","RBFOX1"
"3074",NA
"3075","ZNF44"
"3076","NLGN4Y"
"3077",NA
"3078","GCNT4"
"3079",NA
"3080",NA
"3081","ACO1"
"3082","NBEAL1"
"3083","ERVFRD-1"
"3084","DEPTOR"
"3085","GS1-204I12.4"
"3086","LINC01159"
"3087","RAPGEF3"
"3088","CHRNA2"
"3089",NA
"3090","FMO4"
"3091","KLF9"
"3092","TCP11"
"3093","GLIPR1L2"
"3094","LINC00964"
"3095","GYPE"
"3096",NA
"3097","APLP1"
"3098","LAMB4"
"3099",NA
"3100","MSI1"
"3101",NA
"3102","COLEC11"
"3103","PLPP3"
"3104",NA
"3105","GM2AP2"
"3106","RNF148"
"3107","LYPD3"
"3108","CCL21"
"3109",NA
"3110","AMFR"
"3111",NA
"3112",NA
"3113","ADAMTS8"
"3114","TRPV4"
"3115","TNXB"
"3116",NA
"3117",NA
"3118",NA
"3119","TKTL2"
"3120",NA
"3121","SREBF2"
"3122","CITED1"
"3123","MBL1P"
"3124",NA
"3125","PINK1"
"3126","EPCAM"
"3127","LDLRAD4"
"3128",NA
"3129","GPAA1P2"
"3130","TRPC4"
"3131","ARNT2"
"3132","EGFR-AS1"
"3133","MRPL35P2"
"3134","SNAI1"
"3135","ZNF710"
"3136","SLC17A7"
"3137","FOXD1"
"3138","SLC5A4"
"3139","HAGLR"
"3140","APELA"
"3141","SLC26A1"
"3142",NA
"3143","LINC01558"
"3144",NA
"3145","PITPNM3"
"3146","RIOX2"
"3147","NEDD9"
"3148","LOC644909"
"3149",NA
"3150",NA
"3151","FAM89A"
"3152",NA
"3153",NA
"3154",NA
"3155","CXorf58"
"3156","LOC101929698"
"3157","KDM5D"
"3158","TENT5C"
"3159","NUDT4"
"3160","ACSM2B"
"3161","SETBP1"
"3162","MIR190A"
"3163","ATP6V1B1-AS1"
"3164","TRAV39"
"3165",NA
"3166","A2M"
"3167","TLE6"
"3168","ADD3"
"3169","HSPG2"
"3170",NA
"3171",NA
"3172","MRC1"
"3173","CACNG4"
"3174",NA
"3175","OLFML1"
"3176",NA
"3177","LMO7-AS1"
"3178",NA
"3179","PGAP1"
"3180","PPP1R1A"
"3181","LINGO1"
"3182","RPL9P11"
"3183","NEURL1B"
"3184","LOC105377623"
"3185","ABHD17C"
"3186","LINC00461"
"3187","CFHR1"
"3188","SIK1B"
"3189","CSGALNACT1"
"3190",NA
"3191",NA
"3192","LINC00548"
"3193","TGFBR2"
"3194","CD302"
"3195","SCN2B"
"3196",NA
"3197","PLCE1"
"3198",NA
"3199","EGFLAM"
"3200",NA
"3201","FAM234B"
"3202",NA
"3203","RNF212"
"3204","TMEM106A"
"3205",NA
"3206","PCDHGA12"
"3207",NA
"3208",NA
"3209",NA
"3210","LIMCH1"
"3211",NA
"3212",NA
"3213","MT1E"
"3214","SETBP1-DT"
"3215","EXOC3L1"
"3216","LINC00619"
"3217","ATP10B"
"3218","TMEM26"
"3219","ECI2"
"3220","ANKS4B"
"3221",NA
"3222",NA
"3223","IGSF9"
"3224","LOC441179"
"3225","FBXO21"
"3226","LINC02535"
"3227","TGFB2-AS1"
"3228","TBC1D30"
"3229","TBX2-AS1"
"3230",NA
"3231","CCDC88C"
"3232","LOC100422300"
"3233","TPD52"
"3234","RXRA"
"3235","CSDC2"
"3236","RAET1G"
"3237","PGPEP1L"
"3238","EMID1"
"3239","SCTR-AS1"
"3240","GLOD5"
"3241","P2RY14"
"3242","EDRF1-DT"
"3243",NA
"3244",NA
"3245",NA
"3246","TMEM38B"
"3247",NA
"3248",NA
"3249","ST18"
"3250","AOC1"
"3251",NA
"3252",NA
"3253","CYP39A1"
"3254","PTGIR"
"3255","CASTOR1"
"3256","CYP7A1"
"3257","FOXA3"
"3258","RDH10-AS1"
"3259",NA
"3260","TBC1D13"
"3261","RP1L1"
"3262",NA
"3263",NA
"3264","DLL4"
"3265","HIBCH"
"3266",NA
"3267","BAHCC1"
"3268","EHHADH"
"3269","LOC100130449"
"3270","ITGA1"
"3271",NA
"3272",NA
"3273","PPFIA2-AS1"
"3274",NA
"3275","HS3ST6"
"3276","MAS1"
"3277","PCSK6"
"3278","HSD3BP2"
"3279","GSTT2"
"3280","SNORD116-4"
"3281","CBX7"
"3282","POU2F3"
"3283",NA
"3284","WEE1"
"3285","SPATA46"
"3286","PTPN4"
"3287",NA
"3288",NA
"3289",NA
"3290","ITGA11"
"3291","RGCC"
"3292","EDARADD"
"3293",NA
"3294","NKAPL"
"3295","GNG7"
"3296",NA
"3297",NA
"3298",NA
"3299","RFLNB"
"3300","GASK1A"
"3301","SLC45A4"
"3302","ETNPPL"
"3303",NA
"3304","COL4A4"
"3305","CDH20"
"3306",NA
"3307","RTL4"
"3308","PCYOX1"
"3309","RPL35AP6"
"3310","LIPE"
"3311","ZNF704"
"3312","DAAM2-AS1"
"3313","STEAP4"
"3314",NA
"3315",NA
"3316","LOC112267871"
"3317",NA
"3318","LAD1"
"3319",NA
"3320",NA
"3321","DNAH10"
"3322","GSTT2B"
"3323","TKFC"
"3324","HBD"
"3325",NA
"3326","TEX41"
"3327",NA
"3328","C2CD4B"
"3329","C1orf141"
"3330","MGP"
"3331","MT1M"
"3332","ADGRD1"
"3333","GIMAP7"
"3334","LOC100422614"
"3335","COL6A6"
"3336","AK3"
"3337","LRRC8C-DT"
"3338","C14orf132"
"3339","LINC02275"
"3340",NA
"3341","SLC25A5-AS1"
"3342","PDE8B"
"3343","LINC01836"
"3344","MFGE8"
"3345",NA
"3346",NA
"3347","ST7-AS2"
"3348","LOC100507516"
"3349",NA
"3350","DNAJC11"
"3351","ACTA2"
"3352",NA
"3353","PRKAA2"
"3354","NHSL2"
"3355",NA
"3356",NA
"3357",NA
"3358","RGN"
"3359","TCF23"
"3360",NA
"3361","NYNRIN"
"3362","AP1M2"
"3363","TMPRSS12"
"3364",NA
"3365","KIAA1191"
"3366","HSD3B2"
"3367","LMO2"
"3368","IPCEF1"
"3369","SDCBPP1"
"3370","GIMAP1"
"3371","PLPP1"
"3372","BTG3-AS1"
"3373","SEMA3B-AS1"
"3374","LINC00671"
"3375","LIPH"
"3376","FGD3"
"3377","CLMP"
"3378","BEND4"
"3379","SPHK2"
"3380","LOC391092"
"3381",NA
"3382",NA
"3383","EMILIN1"
"3384",NA
"3385","PRSS23"
"3386","TCF4"
"3387","VSIG2"
"3388","MIR133A1HG"
"3389",NA
"3390",NA
"3391","LINC01354"
"3392","TEDC2-AS1"
"3393","DNAJC16"
"3394","LRP1B"
"3395","PSMC1P9"
"3396","SLC25A36P1"
"3397","SLC1A2"
"3398",NA
"3399","ZNF233"
"3400","ACY3"
"3401","RAD21-AS1"
"3402","NUP210L"
"3403",NA
"3404",NA
"3405","ITGA2"
"3406","MEOX1"
"3407","CACNG5"
"3408",NA
"3409","ACOT1"
"3410",NA
"3411","MGAT5"
"3412","ACACB"
"3413","ST13P15"
"3414",NA
"3415","POLN"
"3416","DBH"
"3417","PALM"
"3418",NA
"3419",NA
"3420","LINGO4"
"3421","CIDEC"
"3422",NA
"3423","SOCS1"
"3424","NEFH"
"3425","SHANK3"
"3426","NAT8"
"3427","TRPC5OS"
"3428","HACE1"
"3429","CA2"
"3430","MCC"
"3431",NA
"3432",NA
"3433","RBP5"
"3434","PNP"
"3435","PYY"
"3436",NA
"3437",NA
"3438","FAM83D"
"3439",NA
"3440",NA
"3441","IGFALS"
"3442","CAMK2N1"
"3443","PSAT1P3"
"3444","LOC105371022"
"3445",NA
"3446","HSD17B6"
"3447","LRRC28"
"3448","PROK1"
"3449","DUSP1"
"3450","LOC107986453"
"3451",NA
"3452","NKAIN2"
"3453",NA
"3454",NA
"3455","LEP"
"3456",NA
"3457","LGI4"
"3458",NA
"3459","SERPINI1"
"3460","MYORG"
"3461","COL6A5"
"3462","RPL7AP40"
"3463","GDPD3"
"3464","KLHL32"
"3465","NEDD4L"
"3466",NA
"3467",NA
"3468",NA
"3469",NA
"3470","ADARB2"
"3471","GIPC2"
"3472","LIMS2"
"3473",NA
"3474","H1-3"
"3475","LOC729558"
"3476",NA
"3477","KIAA0040"
"3478","IRF6"
"3479","CHST1"
"3480","ITM2C"
"3481","TEF"
"3482",NA
"3483","L2HGDH"
"3484","KAT2B"
"3485",NA
"3486","SNORD116-2"
"3487","ISLR2"
"3488","ZBTB21"
"3489",NA
"3490","TMEM164"
"3491",NA
"3492","ENTPD5"
"3493",NA
"3494",NA
"3495","MIRLET7A1"
"3496","LOC100505978"
"3497","INKA2"
"3498",NA
"3499","IL5RA"
"3500","ADH1A"
"3501",NA
"3502","SGPP1"
"3503","MIR126"
"3504",NA
"3505","SLC51A"
"3506","GPT2"
"3507","LIN52"
"3508","LOC101927911"
"3509","ZNF503-AS1"
"3510","F2RL3"
"3511","QDPR"
"3512","IZUMO1"
"3513","SNORD116-26"
"3514","REM1"
"3515","C8orf88"
"3516",NA
"3517",NA
"3518","PELI2"
"3519","OR8T1P"
"3520",NA
"3521","ARHGAP24"
"3522","RASSF8"
"3523","ZFAT"
"3524","FRMPD4"
"3525","ADAD2"
"3526","C2orf88"
"3527","CRB1"
"3528","PPM1L"
"3529","WIF1"
"3530","MS4A1"
"3531",NA
"3532","GPR1"
"3533","GLI2"
"3534",NA
"3535","LRIG2-DT"
"3536","GVINP1"
"3537","C3orf20"
"3538","LOC102723996"
"3539",NA
"3540","PCBP3"
"3541",NA
"3542",NA
"3543","ATP6V1G1P4"
"3544",NA
"3545","RNA5SP228"
"3546",NA
"3547",NA
"3548","ZNF536"
"3549","ST3GAL6"
"3550","APOL3"
"3551","CDH1"
"3552","RCAN2"
"3553","LINC01284"
"3554","IP6K3"
"3555","CBLN1"
"3556","SPDYC"
"3557","ANKRD35"
"3558","INSYN1"
"3559","KLRG2"
"3560","DNMBP"
"3561",NA
"3562","OR7E102P"
"3563","RRS1-AS1"
"3564","LOC729532"
"3565","RASSF10"
"3566","UAP1"
"3567","LOC105378614"
"3568","SERPINA10"
"3569","SQLE"
"3570","PRODH"
"3571",NA
"3572","PLEKHG7"
"3573","CAB39L"
"3574","DBT"
"3575","CYP46A1"
"3576","MFAP3L"
"3577","CYP51A1-AS1"
"3578","SEPTIN6"
"3579","ASPA"
"3580","WNT7B"
"3581",NA
"3582","TRIM6"
"3583","LTBP2"
"3584","LOC102724488"
"3585","PGM5P2"
"3586",NA
"3587",NA
"3588",NA
"3589","ARHGEF26-AS1"
"3590","CORIN"
"3591","LINC01714"
"3592",NA
"3593",NA
"3594","ARID5B"
"3595","ARHGAP18"
"3596","LTBP4"
"3597","NHSL1"
"3598",NA
"3599",NA
"3600","RXFP4"
"3601",NA
"3602",NA
"3603","KIF5A"
"3604","KLHL13"
"3605","SLC25A15"
"3606","TSHZ3"
"3607",NA
"3608","SFTPD"
"3609","SYT15"
"3610",NA
"3611","C1orf115"
"3612","LOC105370105"
"3613","GDF6"
"3614",NA
"3615","HCRTR1"
"3616","ARHGEF7-AS2"
"3617","TMOD1"
"3618","CTNNA1-AS1"
"3619","ACKR2"
"3620","BRPF3"
"3621","CSRP2"
"3622","KSR2"
"3623","SYNE1"
"3624","LINC02028"
"3625","SLC38A4"
"3626",NA
"3627","IL17RE"
"3628",NA
"3629",NA
"3630","C11orf86"
"3631","ADAM22"
"3632","BFSP2"
"3633","ZDHHC2"
"3634","CREM"
"3635","OXR1-AS1"
"3636","CALCRL"
"3637","ACOT11"
"3638","HCCAT5"
"3639",NA
"3640","DYNLT3"
"3641","PRDM8"
"3642","NAALADL2"
"3643","LOC101927745"
"3644",NA
"3645","CRYL1"
"3646","LOC100422564"
"3647","GLIS2-AS1"
"3648",NA
"3649","LINC02159"
"3650","AMDHD1"
"3651",NA
"3652","SERPINI2"
"3653","HACD3"
"3654",NA
"3655","ZPLD2P"
"3656","ADH5P2"
"3657",NA
"3658",NA
"3659","ADI1"
"3660","UNC5B"
"3661","RAMP2-AS1"
"3662","ANKRD65"
"3663","MOV10L1"
"3664",NA
"3665",NA
"3666","TBC1D1"
"3667","ZNF582"
"3668","ATP6V1A"
"3669",NA
"3670",NA
"3671","LINC02721"
"3672",NA
"3673",NA
"3674","LINC01182"
"3675",NA
"3676",NA
"3677","FADS6"
"3678",NA
"3679",NA
"3680",NA
"3681","DACT1"
"3682","NR5A2"
"3683","LOC102546299"
"3684",NA
"3685","TTLL10"
"3686",NA
"3687","P2RY2"
"3688","PCA3"
"3689",NA
"3690","CDH11"
"3691","DLL1"
"3692","DEPDC7"
"3693","CYBRD1"
"3694","COL13A1"
"3695","ACSL1"
"3696","MYO16"
"3697","CHRM5"
"3698","IBA57"
"3699",NA
"3700",NA
"3701","GPRASP2"
"3702",NA
"3703","GDPD4"
"3704",NA
"3705","SHROOM4"
"3706",NA
"3707","RPL21P23"
"3708","PAQR7"
"3709","LINC01117"
"3710","MUC1"
"3711",NA
"3712","PLA2G4A"
"3713",NA
"3714","TULP1"
"3715","AKIRIN1"
"3716","AMIGO2"
"3717",NA
"3718","MYOZ3"
"3719","HNF4A"
"3720","TRMT10A"
"3721","LDHC"
"3722","ADAM33"
"3723","SLC29A2"
"3724","XYLB"
"3725","PDP2"
"3726","ZNRF3"
"3727","SLCO1C1"
"3728","COL12A1"
"3729","BPHL"
"3730",NA
"3731",NA
"3732","SRPX"
"3733","KLHL6-AS1"
"3734","SLC39A5"
"3735",NA
"3736","SSC4D"
"3737","NXPH3"
"3738","ADRA1B"
"3739","ARHGEF17-AS1"
"3740","LOC105369911"
"3741",NA
"3742","VWA8-AS1"
"3743","PARD6G"
"3744","GALM"
"3745",NA
"3746","KIAA1755"
"3747","ADORA2A"
"3748","SRGAP2-AS1"
"3749","RPL34-DT"
"3750","RGS16"
"3751","PLPPR4"
"3752",NA
"3753","LYRM7"
"3754","LOC105376291"
"3755","ALDH7A1"
"3756","BCAS1"
"3757","TPRG1L"
"3758","RFTN2"
"3759","FOLR1"
"3760",NA
"3761",NA
"3762","IFNA20P"
"3763","TOM1L2"
"3764","H19"
"3765",NA
"3766","CCT7P1"
"3767",NA
"3768",NA
"3769","CD83"
"3770","GAS6"
"3771","SRGAP3-AS4"
"3772","GJB1"
"3773","TTC39DP"
"3774","CSPG4"
"3775",NA
"3776","ZHX1"
"3777","ECHS1"
"3778",NA
"3779",NA
"3780","SAMD5"
"3781","DAB1"
"3782",NA
"3783","MEF2C-AS1"
"3784",NA
"3785","ZNF566-AS1"
"3786",NA
"3787","HNRNPKP3"
"3788","SUGT1P3"
"3789",NA
"3790","MEDAG"
"3791",NA
"3792",NA
"3793","MIR621"
"3794","CPEB3"
"3795",NA
"3796","CTNND2"
"3797","C3orf80"
"3798",NA
"3799",NA
"3800","CFAP97D1"
"3801","ZNF667-AS1"
"3802","ACOT7"
"3803","CYP7B1"
"3804","GLTP"
"3805","LIPM"
"3806","FAM163B"
"3807","LOC100506289"
"3808","DHRS4"
"3809","CDHR5"
"3810",NA
"3811","DDAH1"
"3812","ELN"
"3813","SIX4"
"3814","SLC25A48"
"3815","COL4A5"
"3816","H2AC21"
"3817",NA
"3818","DNAJC6"
"3819","CALCB"
"3820","SFXN5"
"3821","LOC102723701"
"3822","IGHVIII-76-1"
"3823","JDP2"
"3824",NA
"3825","FAT4"
"3826","ADSS1"
"3827","TGFB2"
"3828","PRXL2A"
"3829","RRH"
"3830","MYO1H"
"3831","CTIF"
"3832","ZNF835"
"3833","COX4I2"
"3834",NA
"3835","KCNMB2"
"3836",NA
"3837",NA
"3838","G0S2"
"3839",NA
"3840","ZCWPW2"
"3841","SP4"
"3842",NA
"3843","NPHP3-AS1"
"3844","EMP2"
"3845",NA
"3846",NA
"3847","CTNNAL1"
"3848","PITX3"
"3849",NA
"3850","FGF13-AS1"
"3851",NA
"3852","HTR2B"
"3853","MOCS1"
"3854","FBXL22"
"3855","IL6"
"3856",NA
"3857","SPNS2"
"3858","SNRPN"
"3859","CCL26"
"3860","ARHGEF17"
"3861","SGK2"
"3862","NT5DC1P2"
"3863",NA
"3864","JUNB"
"3865","CAPS"
"3866","EMP1"
"3867","RIDA"
"3868","TBC1D14"
"3869","ENPEP"
"3870","PALS1"
"3871","ZSCAN1"
"3872","DYNC1I1"
"3873","UTRN"
"3874","LIPJ"
"3875","LINC02384"
"3876",NA
"3877","HMGCR"
"3878","RGS5"
"3879","CIPC"
"3880",NA
"3881","LOC100129554"
"3882","AQP7"
"3883",NA
"3884","ACTRT3"
"3885","SEMA3D"
"3886","MBOAT1"
"3887",NA
"3888","SSBP3"
"3889","LINC00506"
"3890",NA
"3891",NA
"3892","FGFR2"
"3893","FAT2"
"3894","RAI1-AS1"
"3895","JAM3"
"3896",NA
"3897","PRAP1"
"3898","CAND2"
"3899","LGR6"
"3900","GP5"
"3901",NA
"3902","PDCD6IPP1"
"3903","LOC100419572"
"3904","SMARCA2"
"3905",NA
"3906","PRMT9"
"3907","FAM222A-AS1"
"3908","MYLKP1"
"3909",NA
"3910","MAGEH1"
"3911","ABCC11"
"3912",NA
"3913","MIOXP1"
"3914","RBPMS2"
"3915","PLAC4"
"3916","TRIL"
